#Creating a new database
create database db1;
use db1;
create table t1(a int primary key);
insert into t1 values(1),(2);
# Start a new connection and use db1
use db1;
select * from t1;
a
1
2
# Now drop the database in new connection
drop database db1;
select * from t1;
ERROR 42000: Unknown database 'db1'
