create table t1 (a int, b int, c int) engine=innodb;
# Executing query with 8K+ SELECT UNION SELECT
drop table t1;
