# Bug#22601255 Restoring a dump of binary column, made with mysqldump, warns of invalid string
CREATE TABLE t1(
u CHAR(10),
b BINARY(16),
blo BLOB,
g GEOMETRY,
bi BIT(64));
INSERT INTO t1 VALUES(
'basic',
x'EE0C6D03C34C11E5B1640026B977EB17',
x'EE0C6D03C34C11E5B1640026B977EB17',
ST_GeomFromText('POINT(1 1)'),
x'EE0C6D03C34C11E5');
SELECT
u='basic',
HEX(b)='EE0C6D03C34C11E5B1640026B977EB17',
HEX(blo)='EE0C6D03C34C11E5B1640026B977EB17',
HEX(g)='000000000101000000000000000000F03F000000000000F03F',
HEX(bi)='EE0C6D03C34C11E5',
ST_AsText(g) FROM t1;
u='basic'	HEX(b)='EE0C6D03C34C11E5B1640026B977EB17'	HEX(blo)='EE0C6D03C34C11E5B1640026B977EB17'	HEX(g)='000000000101000000000000000000F03F000000000000F03F'	HEX(bi)='EE0C6D03C34C11E5'	ST_AsText(g)
1	1	1	1	1	POINT(1 1)
DROP TABLE t1;
SHOW CREATE TABLE t1;
Table	Create Table
t1	CREATE TABLE `t1` (
  `u` char(10) DEFAULT NULL,
  `b` binary(16) DEFAULT NULL,
  `blo` blob,
  `g` geometry DEFAULT NULL,
  `bi` bit(64) DEFAULT NULL
) ENGINE=InnoDB DEFAULT CHARSET=utf8mb4 COLLATE=utf8mb4_0900_ai_ci
SELECT
u='basic',
HEX(b)='EE0C6D03C34C11E5B1640026B977EB17',
HEX(blo)='EE0C6D03C34C11E5B1640026B977EB17',
HEX(g)='000000000101000000000000000000F03F000000000000F03F',
HEX(bi)='EE0C6D03C34C11E5',
ST_AsText(g) FROM t1;
u='basic'	HEX(b)='EE0C6D03C34C11E5B1640026B977EB17'	HEX(blo)='EE0C6D03C34C11E5B1640026B977EB17'	HEX(g)='000000000101000000000000000000F03F000000000000F03F'	HEX(bi)='EE0C6D03C34C11E5'	ST_AsText(g)
1	1	1	1	1	POINT(1 1)
DROP TABLE t1;
SHOW CREATE TABLE t1;
Table	Create Table
t1	CREATE TABLE `t1` (
  `u` char(10) DEFAULT NULL,
  `b` binary(16) DEFAULT NULL,
  `blo` blob,
  `g` geometry DEFAULT NULL,
  `bi` bit(64) DEFAULT NULL
) ENGINE=InnoDB DEFAULT CHARSET=utf8mb4 COLLATE=utf8mb4_0900_ai_ci
SELECT
u='basic',
HEX(b)='EE0C6D03C34C11E5B1640026B977EB17',
HEX(blo)='EE0C6D03C34C11E5B1640026B977EB17',
HEX(g)='000000000101000000000000000000F03F000000000000F03F',
HEX(bi)='EE0C6D03C34C11E5',
ST_AsText(g) FROM t1;
u='basic'	HEX(b)='EE0C6D03C34C11E5B1640026B977EB17'	HEX(blo)='EE0C6D03C34C11E5B1640026B977EB17'	HEX(g)='000000000101000000000000000000F03F000000000000F03F'	HEX(bi)='EE0C6D03C34C11E5'	ST_AsText(g)
1	1	1	1	1	POINT(1 1)
DROP TABLE t1;
Note (Code 1007): Can't create database 'test'; database exists
SHOW CREATE TABLE t1;
Table	Create Table
t1	CREATE TABLE `t1` (
  `u` char(10) DEFAULT NULL,
  `b` binary(16) DEFAULT NULL,
  `blo` blob,
  `g` geometry DEFAULT NULL,
  `bi` bit(64) DEFAULT NULL
) ENGINE=InnoDB DEFAULT CHARSET=utf8mb4 COLLATE=utf8mb4_0900_ai_ci
SELECT
u='basic',
HEX(b)='EE0C6D03C34C11E5B1640026B977EB17',
HEX(blo)='EE0C6D03C34C11E5B1640026B977EB17',
HEX(g)='000000000101000000000000000000F03F000000000000F03F',
HEX(bi)='EE0C6D03C34C11E5',
ST_AsText(g) FROM t1;
u='basic'	HEX(b)='EE0C6D03C34C11E5B1640026B977EB17'	HEX(blo)='EE0C6D03C34C11E5B1640026B977EB17'	HEX(g)='000000000101000000000000000000F03F000000000000F03F'	HEX(bi)='EE0C6D03C34C11E5'	ST_AsText(g)
1	1	1	1	1	POINT(1 1)
DROP TABLE t1;
CREATE TABLE t1 (pk INT, v1 VARCHAR(255), v2 VARCHAR(255), v3 VARCHAR(255), v4 VARCHAR(128), v5 VARCHAR(64), v6 VARCHAR(16), v7 VARCHAR(16), v8 VARCHAR (8), v9 VARBINARY(32), v10 VARBINARY(32));
SELECT '12345678901234567890123456789012345678901234567890' INTO @s;
SELECT CONCAT(@s, @s, @s, @s, @s) INTO @s1;
INSERT INTO t1 VALUES (1, @s1, @s1, @s1, SUBSTRING(@s1, 1, 128), SUBSTRING(@s1, 1, 64), SUBSTRING(@s1, 1, 16), SUBSTRING(@s1, 1, 16), SUBSTRING(@s1, 1, 8), '', 'NULL');
CHECKSUM TABLE t1;
Table	Checksum
test.t1	869635727
DROP TABLE t1;
CHECKSUM TABLE t1;
Table	Checksum
test.t1	869635727
DROP TABLE t1;
